<?xml version="1.0"?>
<doc>
    <assembly>
        <name>Jellyfin.Plugin.PlaylistNextUp</name>
    </assembly>
    <members>
        <member name="T:Jellyfin.Plugin.PlaylistNextUp.Controllers.PlaylistNextUpController">
            <summary>
            API endpoints for resume/next-up responses.
            </summary>
        </member>
        <member name="M:Jellyfin.Plugin.PlaylistNextUp.Controllers.PlaylistNextUpController.#ctor(Jellyfin.Plugin.PlaylistNextUp.Services.ProgressStore,Jellyfin.Plugin.PlaylistNextUp.Services.NextUpCalculator,MediaBrowser.Controller.Net.IAuthorizationContext,Microsoft.Extensions.Logging.ILogger{Jellyfin.Plugin.PlaylistNextUp.Controllers.PlaylistNextUpController})">
            <summary>
            Initializes a new instance of the <see cref="T:Jellyfin.Plugin.PlaylistNextUp.Controllers.PlaylistNextUpController"/> class.
            </summary>
        </member>
        <member name="M:Jellyfin.Plugin.PlaylistNextUp.Controllers.PlaylistNextUpController.Resume">
            <summary>
            Gets resume candidates for the current user.
            </summary>
        </member>
        <member name="M:Jellyfin.Plugin.PlaylistNextUp.Controllers.PlaylistNextUpController.ResumePlaylist(System.Guid)">
            <summary>
            Gets the resume candidate for a playlist.
            </summary>
        </member>
        <member name="M:Jellyfin.Plugin.PlaylistNextUp.Controllers.PlaylistNextUpController.ResumeCollection(System.Guid)">
            <summary>
            Gets the resume candidate for a collection.
            </summary>
        </member>
        <member name="T:Jellyfin.Plugin.PlaylistNextUp.EntryPoints.PlaybackMonitorEntryPoint">
            <summary>
            Hooks into playback events and writes progress snapshots.
            </summary>
        </member>
        <member name="M:Jellyfin.Plugin.PlaylistNextUp.EntryPoints.PlaybackMonitorEntryPoint.#ctor(MediaBrowser.Controller.Session.ISessionManager,Microsoft.Extensions.Logging.ILogger{Jellyfin.Plugin.PlaylistNextUp.EntryPoints.PlaybackMonitorEntryPoint},Jellyfin.Plugin.PlaylistNextUp.Services.ProgressStore,Jellyfin.Plugin.PlaylistNextUp.Services.ContainerResolver,Jellyfin.Plugin.PlaylistNextUp.Services.NextUpCalculator)">
            <summary>
            Initializes a new instance of the <see cref="T:Jellyfin.Plugin.PlaylistNextUp.EntryPoints.PlaybackMonitorEntryPoint"/> class.
            </summary>
        </member>
        <member name="M:Jellyfin.Plugin.PlaylistNextUp.EntryPoints.PlaybackMonitorEntryPoint.StartAsync(System.Threading.CancellationToken)">
            <summary>
            Starts the playback monitor.
            </summary>
        </member>
        <member name="M:Jellyfin.Plugin.PlaylistNextUp.EntryPoints.PlaybackMonitorEntryPoint.StopAsync(System.Threading.CancellationToken)">
            <summary>
            Stops the playback monitor.
            </summary>
        </member>
        <member name="T:Jellyfin.Plugin.PlaylistNextUp.Plugin">
            <summary>
            Plugin entry.
            </summary>
        </member>
        <member name="M:Jellyfin.Plugin.PlaylistNextUp.Plugin.#ctor(MediaBrowser.Common.Configuration.IApplicationPaths,MediaBrowser.Model.Serialization.IXmlSerializer)">
            <summary>
            Initializes the plugin instance.
            </summary>
        </member>
        <member name="P:Jellyfin.Plugin.PlaylistNextUp.Plugin.Instance">
            <summary>
            Gets the singleton plugin instance.
            </summary>
        </member>
        <member name="P:Jellyfin.Plugin.PlaylistNextUp.Plugin.Name">
            <summary>
            Gets the plugin display name.
            </summary>
        </member>
        <member name="P:Jellyfin.Plugin.PlaylistNextUp.Plugin.Id">
            <summary>
            Gets the plugin unique identifier.
            </summary>
        </member>
        <member name="M:Jellyfin.Plugin.PlaylistNextUp.Plugin.GetPages">
            <summary>
            Gets the dashboard pages for the plugin.
            </summary>
        </member>
        <member name="T:Jellyfin.Plugin.PlaylistNextUp.PluginConfiguration">
            <summary>
            Plugin configuration.
            </summary>
        </member>
        <member name="P:Jellyfin.Plugin.PlaylistNextUp.PluginConfiguration.Enabled">
            <summary>
            Gets or sets a value indicating whether the plugin is enabled.
            </summary>
        </member>
        <member name="P:Jellyfin.Plugin.PlaylistNextUp.PluginConfiguration.TrackPlaylists">
            <summary>
            Gets or sets a value indicating whether playlists are tracked.
            </summary>
        </member>
        <member name="P:Jellyfin.Plugin.PlaylistNextUp.PluginConfiguration.TrackCollections">
            <summary>
            Gets or sets a value indicating whether collections are tracked.
            </summary>
        </member>
        <member name="P:Jellyfin.Plugin.PlaylistNextUp.PluginConfiguration.ResumeThresholdSeconds">
            <summary>
            Minimum seconds watched before we store progress.
            </summary>
        </member>
        <member name="P:Jellyfin.Plugin.PlaylistNextUp.PluginConfiguration.CompletedPercent">
            <summary>
            After this percentage we consider the item completed for advancing.
            </summary>
        </member>
        <member name="P:Jellyfin.Plugin.PlaylistNextUp.PluginConfiguration.DebugLogging">
            <summary>
            Gets or sets a value indicating whether debug logging is enabled.
            </summary>
        </member>
        <member name="P:Jellyfin.Plugin.PlaylistNextUp.PluginConfiguration.CollectionOrdering">
            <summary>
            Gets or sets the collection ordering.
            </summary>
        </member>
        <member name="P:Jellyfin.Plugin.PlaylistNextUp.PluginConfiguration.AllowedUserIds">
            <summary>
            Optional allowlist of user ids. Empty means all users.
            </summary>
        </member>
        <member name="T:Jellyfin.Plugin.PlaylistNextUp.CollectionOrdering">
            <summary>
            Collection ordering options.
            </summary>
        </member>
        <member name="F:Jellyfin.Plugin.PlaylistNextUp.CollectionOrdering.ReleaseDate">
            <summary>
            Order by release date.
            </summary>
        </member>
        <member name="F:Jellyfin.Plugin.PlaylistNextUp.CollectionOrdering.PremiereDate">
            <summary>
            Order by premiere date.
            </summary>
        </member>
        <member name="F:Jellyfin.Plugin.PlaylistNextUp.CollectionOrdering.SortName">
            <summary>
            Order by sort name.
            </summary>
        </member>
        <member name="F:Jellyfin.Plugin.PlaylistNextUp.CollectionOrdering.ProductionYear">
            <summary>
            Order by production year.
            </summary>
        </member>
        <member name="T:Jellyfin.Plugin.PlaylistNextUp.ServiceRegistrator">
            <summary>
            Registers plugin services.
            </summary>
        </member>
        <member name="M:Jellyfin.Plugin.PlaylistNextUp.ServiceRegistrator.RegisterServices(Microsoft.Extensions.DependencyInjection.IServiceCollection,MediaBrowser.Controller.IServerApplicationHost)">
            <summary>
            Registers services with the Jellyfin container.
            </summary>
        </member>
        <member name="T:Jellyfin.Plugin.PlaylistNextUp.Services.ContainerResolver">
            <summary>
            Best-effort resolver that tries to find which playlist/collection this playback belongs to.
            </summary>
        </member>
        <member name="M:Jellyfin.Plugin.PlaylistNextUp.Services.ContainerResolver.#ctor(MediaBrowser.Controller.Library.IUserViewManager,MediaBrowser.Controller.Playlists.IPlaylistManager,MediaBrowser.Controller.Library.ILibraryManager,Microsoft.Extensions.Logging.ILogger{Jellyfin.Plugin.PlaylistNextUp.Services.ContainerResolver})">
            <summary>
            Initializes a new instance of the <see cref="T:Jellyfin.Plugin.PlaylistNextUp.Services.ContainerResolver"/> class.
            </summary>
        </member>
        <member name="M:Jellyfin.Plugin.PlaylistNextUp.Services.ContainerResolver.ResolveContainersForPlayback(MediaBrowser.Controller.Library.PlaybackProgressEventArgs)">
            <summary>
            Resolves playlist/collection containers for a playback event.
            </summary>
        </member>
        <member name="T:Jellyfin.Plugin.PlaylistNextUp.Services.ContainerType">
            <summary>
            Container types supported by the plugin.
            </summary>
        </member>
        <member name="F:Jellyfin.Plugin.PlaylistNextUp.Services.ContainerType.Playlist">
            <summary>
            Playlist container.
            </summary>
        </member>
        <member name="F:Jellyfin.Plugin.PlaylistNextUp.Services.ContainerType.Collection">
            <summary>
            Collection (box set) container.
            </summary>
        </member>
        <member name="T:Jellyfin.Plugin.PlaylistNextUp.Services.ContainerRef">
            <summary>
            Reference to a playlist or collection container.
            </summary>
            <param name="Type">Container type.</param>
            <param name="Id">Container id.</param>
        </member>
        <member name="M:Jellyfin.Plugin.PlaylistNextUp.Services.ContainerRef.#ctor(Jellyfin.Plugin.PlaylistNextUp.Services.ContainerType,System.Guid)">
            <summary>
            Reference to a playlist or collection container.
            </summary>
            <param name="Type">Container type.</param>
            <param name="Id">Container id.</param>
        </member>
        <member name="P:Jellyfin.Plugin.PlaylistNextUp.Services.ContainerRef.Type">
            <summary>Container type.</summary>
        </member>
        <member name="P:Jellyfin.Plugin.PlaylistNextUp.Services.ContainerRef.Id">
            <summary>Container id.</summary>
        </member>
        <member name="T:Jellyfin.Plugin.PlaylistNextUp.Services.ProgressSnapshot">
            <summary>
            Stored playback progress for a container.
            </summary>
            <param name="UserId">User id.</param>
            <param name="ContainerType">Container type.</param>
            <param name="ContainerId">Container id.</param>
            <param name="LastItemId">Last played item id.</param>
            <param name="PositionTicks">Playback position in ticks.</param>
            <param name="UpdatedAtUtc">Last update timestamp.</param>
        </member>
        <member name="M:Jellyfin.Plugin.PlaylistNextUp.Services.ProgressSnapshot.#ctor(System.Guid,Jellyfin.Plugin.PlaylistNextUp.Services.ContainerType,System.Guid,System.Guid,System.Int64,System.DateTimeOffset)">
            <summary>
            Stored playback progress for a container.
            </summary>
            <param name="UserId">User id.</param>
            <param name="ContainerType">Container type.</param>
            <param name="ContainerId">Container id.</param>
            <param name="LastItemId">Last played item id.</param>
            <param name="PositionTicks">Playback position in ticks.</param>
            <param name="UpdatedAtUtc">Last update timestamp.</param>
        </member>
        <member name="P:Jellyfin.Plugin.PlaylistNextUp.Services.ProgressSnapshot.UserId">
            <summary>User id.</summary>
        </member>
        <member name="P:Jellyfin.Plugin.PlaylistNextUp.Services.ProgressSnapshot.ContainerType">
            <summary>Container type.</summary>
        </member>
        <member name="P:Jellyfin.Plugin.PlaylistNextUp.Services.ProgressSnapshot.ContainerId">
            <summary>Container id.</summary>
        </member>
        <member name="P:Jellyfin.Plugin.PlaylistNextUp.Services.ProgressSnapshot.LastItemId">
            <summary>Last played item id.</summary>
        </member>
        <member name="P:Jellyfin.Plugin.PlaylistNextUp.Services.ProgressSnapshot.PositionTicks">
            <summary>Playback position in ticks.</summary>
        </member>
        <member name="P:Jellyfin.Plugin.PlaylistNextUp.Services.ProgressSnapshot.UpdatedAtUtc">
            <summary>Last update timestamp.</summary>
        </member>
        <member name="T:Jellyfin.Plugin.PlaylistNextUp.Services.ResumeCandidate">
            <summary>
            Resume candidate for a container.
            </summary>
            <param name="ContainerType">Container type.</param>
            <param name="ContainerId">Container id.</param>
            <param name="NextItemId">Next item id.</param>
            <param name="ResumePositionTicks">Resume position in ticks.</param>
            <param name="UpdatedAtUtc">Last update timestamp.</param>
        </member>
        <member name="M:Jellyfin.Plugin.PlaylistNextUp.Services.ResumeCandidate.#ctor(Jellyfin.Plugin.PlaylistNextUp.Services.ContainerType,System.Guid,System.Guid,System.Int64,System.DateTimeOffset)">
            <summary>
            Resume candidate for a container.
            </summary>
            <param name="ContainerType">Container type.</param>
            <param name="ContainerId">Container id.</param>
            <param name="NextItemId">Next item id.</param>
            <param name="ResumePositionTicks">Resume position in ticks.</param>
            <param name="UpdatedAtUtc">Last update timestamp.</param>
        </member>
        <member name="P:Jellyfin.Plugin.PlaylistNextUp.Services.ResumeCandidate.ContainerType">
            <summary>Container type.</summary>
        </member>
        <member name="P:Jellyfin.Plugin.PlaylistNextUp.Services.ResumeCandidate.ContainerId">
            <summary>Container id.</summary>
        </member>
        <member name="P:Jellyfin.Plugin.PlaylistNextUp.Services.ResumeCandidate.NextItemId">
            <summary>Next item id.</summary>
        </member>
        <member name="P:Jellyfin.Plugin.PlaylistNextUp.Services.ResumeCandidate.ResumePositionTicks">
            <summary>Resume position in ticks.</summary>
        </member>
        <member name="P:Jellyfin.Plugin.PlaylistNextUp.Services.ResumeCandidate.UpdatedAtUtc">
            <summary>Last update timestamp.</summary>
        </member>
        <member name="T:Jellyfin.Plugin.PlaylistNextUp.Services.NextUpCalculator">
            <summary>
            Computes the best next item for a given container.
            </summary>
        </member>
        <member name="M:Jellyfin.Plugin.PlaylistNextUp.Services.NextUpCalculator.#ctor(MediaBrowser.Controller.Library.ILibraryManager,MediaBrowser.Controller.Playlists.IPlaylistManager,Microsoft.Extensions.Logging.ILogger{Jellyfin.Plugin.PlaylistNextUp.Services.NextUpCalculator})">
            <summary>
            Initializes a new instance of the <see cref="T:Jellyfin.Plugin.PlaylistNextUp.Services.NextUpCalculator"/> class.
            </summary>
        </member>
        <member name="M:Jellyfin.Plugin.PlaylistNextUp.Services.NextUpCalculator.BuildSnapshot(Jellyfin.Plugin.PlaylistNextUp.Services.ContainerRef,MediaBrowser.Controller.Library.PlaybackProgressEventArgs)">
            <summary>
            Builds a progress snapshot from a playback event.
            </summary>
        </member>
        <member name="M:Jellyfin.Plugin.PlaylistNextUp.Services.NextUpCalculator.ComputeResume(System.Guid,Jellyfin.Plugin.PlaylistNextUp.Services.ProgressSnapshot)">
            <summary>
            Computes the resume candidate for a container snapshot.
            </summary>
        </member>
        <member name="T:Jellyfin.Plugin.PlaylistNextUp.Services.PlaybackEventHelper">
            <summary>
            Helper methods to read playback event properties across Jellyfin versions.
            </summary>
        </member>
        <member name="M:Jellyfin.Plugin.PlaylistNextUp.Services.PlaybackEventHelper.TryGetGuid(MediaBrowser.Controller.Library.PlaybackProgressEventArgs,System.String,System.Guid@)">
            <summary>
            Tries to read a Guid property from a playback event.
            </summary>
        </member>
        <member name="M:Jellyfin.Plugin.PlaylistNextUp.Services.PlaybackEventHelper.TryGetLong(MediaBrowser.Controller.Library.PlaybackProgressEventArgs,System.String,System.Int64@)">
            <summary>
            Tries to read a long property from a playback event.
            </summary>
        </member>
        <member name="T:Jellyfin.Plugin.PlaylistNextUp.Services.ProgressStore">
            <summary>
            Small persistent store (JSON) saved under plugin config folder.
            Replace with SQLite in v2.
            </summary>
        </member>
        <member name="M:Jellyfin.Plugin.PlaylistNextUp.Services.ProgressStore.#ctor(MediaBrowser.Common.Configuration.IApplicationPaths,Microsoft.Extensions.Logging.ILogger{Jellyfin.Plugin.PlaylistNextUp.Services.ProgressStore})">
            <summary>
            Initializes a new instance of the <see cref="T:Jellyfin.Plugin.PlaylistNextUp.Services.ProgressStore"/> class.
            </summary>
        </member>
        <member name="M:Jellyfin.Plugin.PlaylistNextUp.Services.ProgressStore.Upsert(Jellyfin.Plugin.PlaylistNextUp.Services.ProgressSnapshot)">
            <summary>
            Inserts or updates a progress snapshot.
            </summary>
        </member>
        <member name="M:Jellyfin.Plugin.PlaylistNextUp.Services.ProgressStore.GetAllForUser(System.Guid)">
            <summary>
            Gets all snapshots for a user.
            </summary>
        </member>
        <member name="M:Jellyfin.Plugin.PlaylistNextUp.Services.ProgressStore.TryGet(System.Guid,Jellyfin.Plugin.PlaylistNextUp.Services.ContainerType,System.Guid,Jellyfin.Plugin.PlaylistNextUp.Services.ProgressSnapshot@)">
            <summary>
            Tries to get a snapshot for a container.
            </summary>
        </member>
    </members>
</doc>
